Workbook
Name CA.50: INFO!$E$5:$E$13
Name CA.60: INFO!$E$3:$E$4

Sheet Pedido
B2: QUANTITATIVO DE AÇO
B3: OBRA:
B5: RESUMO POR ETAPA | L5: AÇO VARANDA GOURMET
B6: Elemento | C6: AÇO | D6: DIAMETRO (mm) | E6: MASSA (Kg/m) | F6: COMP. TOTAL (m) | G6: COMP. TOTAL +10% (m) | H6: PESO + 10% (kg) | I6: Nº DE BARRAS | J6: PESO TOTAL (kg) | L6: AÇO | M6: DIAMETRO (mm) | N6: COMP. TOTAL +10% (m) | O6: PESO + 10% (kg) | P6: Nº DE BARRAS
E8: =IFERROR(OFFSET(INFO!$E$2, (MATCH(Pedido!D8,INFO!$E$3:$E$13,0)),1)," ") | G8: =F8*1.1 -> 0 | H8: =IFERROR(ROUNDUP((E8*F8)*1.1,2)," ") | I8: =ROUNDUP(G8/12,0) -> 0 | L8: CA 50 | M8: 6.3 | N8: =SUMIF($D$8:$D$67,M8,$G$8:$G$67) -> 0 | O8: =SUMIF($D$8:$D$67,M8,$H$8:$H$67) -> 0 | P8: =SUMIF($D$8:$D$67,M8,$I$8:$I$67) -> 0
E9: =IFERROR(OFFSET(INFO!$E$2, (MATCH(Pedido!D9,INFO!$E$3:$E$13,0)),1)," ") | G9: =F9*1.1 -> 0 | H9: =IFERROR(ROUNDUP((E9*F9)*1.1,2)," ") | I9: =ROUNDUP(G9/12,0) -> 0 | L9: CA 50 | M9: 8 | N9: =SUMIF($D$8:$D$67,M9,$G$8:$G$67) -> 0 | O9: =SUMIF($D$8:$D$67,M9,$H$8:$H$67) -> 0 | P9: =SUMIF($D$8:$D$67,M9,$I$8:$I$67) -> 0
E10: =IFERROR(OFFSET(INFO!$E$2, (MATCH(Pedido!D10,INFO!$E$3:$E$13,0)),1)," ") | G10: =F10*1.1 -> 0 | H10: =IFERROR(ROUNDUP((E10*F10)*1.1,2)," ") | I10: =ROUNDUP(G10/12,0) -> 0 | L10: CA 50 | M10: 10 | N10: =SUMIF($D$8:$D$67,M10,$G$8:$G$67) -> 0 | O10: =SUMIF($D$8:$D$67,M10,$H$8:$H$67) -> 0 | P10: =SUMIF($D$8:$D$67,M10,$I$8:$I$67) -> 0
E11: =IFERROR(OFFSET(INFO!$E$2, (MATCH(Pedido!D11,INFO!$E$3:$E$13,0)),1)," ") | G11: =F11*1.1 -> 0 | H11: =IFERROR(ROUNDUP((E11*F11)*1.1,2)," ") | I11: =ROUNDUP(G11/12,0) -> 0 | L11: CA 50 | M11: 12.5 | N11: =SUMIF($D$8:$D$67,M11,$G$8:$G$67) -> 0 | O11: =SUMIF($D$8:$D$67,M11,$H$8:$H$67) -> 0 | P11: =SUMIF($D$8:$D$67,M11,$I$8:$I$67) -> 0
E12: =IFERROR(OFFSET(INFO!$E$2, (MATCH(Pedido!D12,INFO!$E$3:$E$13,0)),1)," ") | G12: =F12*1.1 -> 0 | H12: =IFERROR(ROUNDUP((E12*F12)*1.1,2)," ") | I12: =ROUNDUP(G12/12,0) -> 0 | L12: CA 50 | M12: 16 | N12: =SUMIF($D$8:$D$67,M12,$G$8:$G$67) -> 0 | O12: =SUMIF($D$8:$D$67,M12,$H$8:$H$67) -> 0 | P12: =SUMIF($D$8:$D$67,M12,$I$8:$I$67) -> 0
E13: =IFERROR(OFFSET(INFO!$E$2, (MATCH(Pedido!D13,INFO!$E$3:$E$13,0)),1)," ") | G13: =F13*1.1 -> 0 | H13: =IFERROR(ROUNDUP((E13*F13)*1.1,2)," ") | I13: =ROUNDUP(G13/12,0) -> 0 | L13: CA 50 | M13: 20 | N13: =SUMIF($D$8:$D$67,M13,$G$8:$G$67) -> 0 | O13: =SUMIF($D$8:$D$67,M13,$H$8:$H$67) -> 0 | P13: =SUMIF($D$8:$D$67,M13,$I$8:$I$67) -> 0
E14: =IFERROR(OFFSET(INFO!$E$2, (MATCH(Pedido!D14,INFO!$E$3:$E$13,0)),1)," ") | G14: =F14*1.1 -> 0 | H14: =IFERROR(ROUNDUP((E14*F14)*1.1,2)," ") | I14: =ROUNDUP(G14/12,0) -> 0 | L14: CA 50 | M14: 25 | N14: =SUMIF($D$8:$D$67,M14,$G$8:$G$67) -> 0 | O14: =SUMIF($D$8:$D$67,M14,$H$8:$H$67) -> 0 | P14: =SUMIF($D$8:$D$67,M14,$I$8:$I$67) -> 0
E15: =IFERROR(OFFSET(INFO!$E$2, (MATCH(Pedido!D15,INFO!$E$3:$E$13,0)),1)," ") | G15: =F15*1.1 -> 0 | H15: =IFERROR(ROUNDUP((E15*F15)*1.1,2)," ") | I15: =ROUNDUP(G15/12,0) -> 0 | L15: CA 60 | M15: 4.2 | N15: =SUMIF($D$8:$D$67,M15,$G$8:$G$67) -> 0 | O15: =SUMIF($D$8:$D$67,M15,$H$8:$H$67) -> 0 | P15: =SUMIF($D$8:$D$67,M15,$I$8:$I$67) -> 0
E16: =IFERROR(OFFSET(INFO!$E$2, (MATCH(Pedido!D16,INFO!$E$3:$E$13,0)),1)," ") | G16: =F16*1.1 -> 0 | H16: =IFERROR(ROUNDUP((E16*F16)*1.1,2)," ") | I16: =ROUNDUP(G16/12,0) -> 0 | L16: CA 60 | M16: 5 | N16: =SUMIF($D$8:$D$67,M16,$G$8:$G$67) -> 0 | O16: =SUMIF($D$8:$D$67,M16,$H$8:$H$67) -> 0 | P16: =SUMIF($D$8:$D$67,M16,$I$8:$I$67) -> 0
E17: =IFERROR(OFFSET(INFO!$E$2, (MATCH(Pedido!D17,INFO!$E$3:$E$13,0)),1)," ") | G17: =F17*1.1 -> 0 | H17: =IFERROR(ROUNDUP((E17*F17)*1.1,2)," ") | I17: =ROUNDUP(G17/12,0) -> 0
E18: =IFERROR(OFFSET(INFO!$E$2, (MATCH(Pedido!D18,INFO!$E$3:$E$13,0)),1)," ") | G18: =F18*1.1 -> 0 | H18: =IFERROR(ROUNDUP((E18*F18)*1.1,2)," ") | I18: =ROUNDUP(G18/12,0) -> 0 | N18: PESO TOTAL | O18: =SUM(O8:O16) -> 0 | P18: kg
E19: =IFERROR(OFFSET(INFO!$E$2, (MATCH(Pedido!D19,INFO!$E$3:$E$13,0)),1)," ") | G19: =F19*1.1 -> 0 | H19: =IFERROR(ROUNDUP((E19*F19)*1.1,2)," ") | I19: =ROUNDUP(G19/12,0) -> 0
E20: =IFERROR(OFFSET(INFO!$E$2, (MATCH(Pedido!D20,INFO!$E$3:$E$13,0)),1)," ") | G20: =F20*1.1 -> 0 | H20: =IFERROR(ROUNDUP((E20*F20)*1.1,2)," ") | I20: =ROUNDUP(G20/12,0) -> 0
E21: =IFERROR(OFFSET(INFO!$E$2, (MATCH(Pedido!D21,INFO!$E$3:$E$13,0)),1)," ") | G21: =F21*1.1 -> 0 | H21: =IFERROR(ROUNDUP((E21*F21)*1.1,2)," ") | I21: =ROUNDUP(G21/12,0) -> 0
E22: =IFERROR(OFFSET(INFO!$E$2, (MATCH(Pedido!D22,INFO!$E$3:$E$13,0)),1)," ") | G22: =F22*1.1 -> 0 | H22: =IFERROR(ROUNDUP((E22*F22)*1.1,2)," ") | I22: =ROUNDUP(G22/12,0) -> 0
E23: =IFERROR(OFFSET(INFO!$E$2, (MATCH(Pedido!D23,INFO!$E$3:$E$13,0)),1)," ") | G23: =F23*1.1 -> 0 | H23: =IFERROR(ROUNDUP((E23*F23)*1.1,2)," ") | I23: =ROUNDUP(G23/12,0) -> 0
E24: =IFERROR(OFFSET(INFO!$E$2, (MATCH(Pedido!D24,INFO!$E$3:$E$13,0)),1)," ") | G24: =F24*1.1 -> 0 | H24: =IFERROR(ROUNDUP((E24*F24)*1.1,2)," ") | I24: =ROUNDUP(G24/12,0) -> 0
E25: =IFERROR(OFFSET(INFO!$E$2, (MATCH(Pedido!D25,INFO!$E$3:$E$13,0)),1)," ") | G25: =F25*1.1 -> 0 | H25: =IFERROR(ROUNDUP((E25*F25)*1.1,2)," ") | I25: =ROUNDUP(G25/12,0) -> 0
E26: =IFERROR(OFFSET(INFO!$E$2, (MATCH(Pedido!D26,INFO!$E$3:$E$13,0)),1)," ") | G26: =F26*1.1 -> 0 | H26: =IFERROR(ROUNDUP((E26*F26)*1.1,2)," ") | I26: =ROUNDUP(G26/12,0) -> 0
E27: =IFERROR(OFFSET(INFO!$E$2, (MATCH(Pedido!D27,INFO!$E$3:$E$13,0)),1)," ") | G27: =F27*1.1 -> 0 | H27: =IFERROR(ROUNDUP((E27*F27)*1.1,2)," ") | I27: =ROUNDUP(G27/12,0) -> 0
E28: =IFERROR(OFFSET(INFO!$E$2, (MATCH(Pedido!D28,INFO!$E$3:$E$13,0)),1)," ") | G28: =F28*1.1 -> 0 | H28: =IFERROR(ROUNDUP((E28*F28)*1.1,2)," ") | I28: =ROUNDUP(G28/12,0) -> 0
E29: =IFERROR(OFFSET(INFO!$E$2, (MATCH(Pedido!D29,INFO!$E$3:$E$13,0)),1)," ") | G29: =F29*1.1 -> 0 | H29: =IFERROR(ROUNDUP((E29*F29)*1.1,2)," ") | I29: =ROUNDUP(G29/12,0) -> 0
E30: =IFERROR(OFFSET(INFO!$E$2, (MATCH(Pedido!D30,INFO!$E$3:$E$13,0)),1)," ") | G30: =F30*1.1 -> 0 | H30: =IFERROR(ROUNDUP((E30*F30)*1.1,2)," ") | I30: =ROUNDUP(G30/12,0) -> 0
... E67: =IFERROR(OFFSET(INFO!$E$2, (MATCH(Pedido!D67,INFO!$E$3:$E$13,0)),1)," ") | G67: =F67*1.1 -> 0 | H67: =IFERROR(ROUNDUP((E67*F67)*1.1,2)," ") | I67: =ROUNDUP(G67/12,0) -> 0

Sheet INFO
B2: Aço | D2: Aço | E2: Diam. | F2: Kg/m | G2: Diam.
B3: CA.50 | D3: CA60 | E3: 4.2 | F3: 0.109
B4: CA.60 | D4: CA60 | E4: 5 | F4: 0.154 | G4: 3/16"
D5: CA50 | E5: 6.3 | F5: 0.245 | G5: 1/4"
D6: CA50 | E6: 8 | F6: 0.395 | G6: 5/16"
D7: CA50 | E7: 10 | F7: 0.617 | G7: 3/8"
D8: CA50 | E8: 12.5 | F8: 0.963 | G8: 1/2"
D9: CA50 | E9: 16 | F9: 1.578 | G9: 5/8"
D10: CA50 | E10: 20 | F10: 2.466 | G10: 3/4"
D11: CA50 | E11: 25 | F11: 3.853 | G11: 1"
D12: CA50 | E12: 32 | F12: 6.313
D13: CA50 | E13: 40 | F13: 9.865

Sheet Concreto Estacas
B2: Cálculo de Concreto para estacas
B4: Diâmetro (m): | C4: 0.2 | D4: 0.3 | E4: 0.4
B5: Profundidade (m):
B6: Quantidade (un):
B7: Volume Total (m³): | C7: =((((C4/2)^2)*3.14)*C5*C6) -> 0 | D7: =((((D4/2)^2)*3.14)*D5*D6) -> 0 | E7: =((((E4/2)^2)*3.14)*E5*E6) -> 0
B10: Volume TOTAL (m³): | C10: =SUM(C7:E7) -> 0
